{"cameraMode":{"drawMode":0,"name":"Shaded","section":"Shading Mode"},"sceneLighting":true,"audioPlay":false,"sceneViewState":{"m_AlwaysRefresh":false,"showFog":true,"showSkybox":true,"showFlares":true,"showImageEffects":true,"showParticleSystems":true,"showVisualEffectGraphs":true,"m_FxEnabled":true},"in2DMode":false,"pivot":{"x":-3.651780366897583,"y":-0.07234859466552735,"z":5.030308723449707},"rotation":{"x":-0.3525024652481079,"y":0.017401743680238725,"z":-0.006555477157235146,"w":-0.9356246590614319},"size":5.494664192199707,"orthographic":false}